{
   "AWSTemplateFormatVersion":"2010-09-09",
   "Parameters":{
      "circleci":{
         "Description":"circleci user",
         "Type":"String"
      },
     "CDAPPNAME":{
         "Type":"String"
      },

"CDARN": {
"Type":"String"},
	"CDARN1": {"Type": "String"},
	"Bucket":{"Type": "String"},
	"Bucket1":{"Type": "String"}
   },
"Resources":{





      "Circleciec2ami":{
         "Type":"AWS::IAM::ManagedPolicy",
         "Properties":{
            "Description":"ami policy",
 "PolicyDocument":{

            "Version":"2012-10-17",
            "Statement":[
               {
                  "Effect":"Allow",
                  "Action":[
                     "ec2:AttachVolume",
                     "ec2:AuthorizeSecurityGroupIngress",
                     "ec2:CopyImage",
                     "ec2:CreateImage",
                     "ec2:CreateKeypair",
                     "ec2:CreateSecurityGroup",
                     "ec2:CreateSnapshot",
                     "ec2:CreateTags",
                     "ec2:CreateVolume",
                     "ec2:DeleteKeyPair",
                     "ec2:DeleteSecurityGroup",
                     "ec2:DeleteSnapshot",
                     "ec2:DeleteVolume",
                     "ec2:DeregisterImage",
                     "ec2:DescribeImageAttribute",
                     "ec2:DescribeImages",
                     "ec2:DescribeInstances",
                     "ec2:DescribeInstanceStatus",
                     "ec2:DescribeRegions",
                     "ec2:DescribeSecurityGroups",
                     "ec2:DescribeSnapshots",
                     "ec2:DescribeSubnets",
                     "ec2:DescribeTags",
                     "ec2:DescribeVolumes",
                     "ec2:DetachVolume",
                     "ec2:GetPasswordData",
                     "ec2:ModifyImageAttribute",
                     "ec2:ModifyInstanceAttribute",
                     "ec2:ModifySnapshotAttribute",
                     "ec2:RegisterImage",
                     "ec2:RunInstances",
                     "ec2:StopInstances",
                     "ec2:TerminateInstances"
                  ],
                  "Resource":"*"
               }
            ]
         },
    "Users":[
               {
                  "Ref":"circleci"
               }
            ]
}
  },
      "CircleCIUploadToS3":{
         "Type":"AWS::IAM::ManagedPolicy",
         "Properties":{
            "Description":"Policy for CircleCI to put objects in S3",
            "Path":"/",
            "PolicyDocument":{
               "Version":"2012-10-17",
               "Statement":[
                  {
                     "Effect":"Allow",
                     "Action":[
                        "s3:PutObject"
                     ],
                     "Resource":[
                      {"Ref": "CDARN"}, {"Ref":"CDARN1"}, {"Ref":"Bucket"}, {"Ref": "Bucket1"}
                     ]
                  }
               ]
            },
            "Users":[
               {
                  "Ref":"circleci"
               }
            ]
         }
      },
      "CirlceCICodeDeploy":{
         "Type":"AWS::IAM::ManagedPolicy",
         "Properties":{
            "Description":"Policy for CricleCI to call codedeploy to initiate deployment on EC2",
            "Path":"/",
            "PolicyDocument":{
               "Version":"2012-10-17",
               "Statement":[
                  {
                     "Effect":"Allow",
                     "Action":[
                        "codedeploy:RegisterApplicationRevision",
                        "codedeploy:GetApplicationRevision"
                     ],
                     "Resource":{
                        "Fn::Join":[
                           "",
                           [
                              "arn:aws:codedeploy:",
                              {
                                 "Ref":"AWS::Region"
                              },
                              ":",
                              {
                                 "Ref":"AWS::AccountId"
                              },
                              ":application:",
                    {
                      "Ref": "CDAPPNAME"
                    }
                           ]
                        ]
                     }
                  },
                  {
                     "Effect":"Allow",
                     "Action":[
                        "codedeploy:CreateDeployment",
                        "codedeploy:GetDeployment"
                     ],
                     "Resource":[
                        "*"
                     ]
                  },
                  {
                     "Effect":"Allow",
                     "Action":[
                        "codedeploy:GetDeploymentConfig"
                     ],
                     "Resource":[
                        {
                           "Fn::Join":[
                              "",
                              [
                                 "arn:aws:codedeploy:",
                                 {
                                    "Ref":"AWS::Region"
                                 },
                                 ":",
                                 {
                                    "Ref":"AWS::AccountId"
                                 },
                                 ":deploymentconfig:CodeDeployDefault.OneAtATime"
                              ]
                           ]
                        },
                        {
                           "Fn::Join":[
                              "",
                              [
                                 "arn:aws:codedeploy:",
                                 {
                                    "Ref":"AWS::Region"
                                 },
                                 ":",
                                 {
                                    "Ref":"AWS::AccountId"
                                 },
                                 ":deploymentconfig:CodeDeployDefault.HalfAtATime"
                              ]
                           ]
                        },
                        {
                           "Fn::Join":[
                              "",
                              [
                                 "arn:aws:codedeploy:",
                                 {
                                    "Ref":"AWS::Region"
                                 },
                                 ":",
                                 {
                                    "Ref":"AWS::AccountId"
                                 },
                                 ":deploymentconfig:CodeDeployDefault.AllAtOnce"
                              ]
                           ]
                        }
                     ]
                  }
               ]
            },
            "Users":[
               {
                  "Ref":"circleci"
               }
            ]
         }
      }


}
}
